[
    {
        "name": "ABC Pharmacy",
        "operatinghours": "Mon-Fri : 6:00 AM - 8:00 PM",
        "contact": "9876543210",
        "location": "Porur, Chennai"
    },
    {
        "name": "XYZ Medicals",
        "operatinghours": "Mon-Sun : 10:00 AM - 10:00 PM",
        "contact": "1234567890",
        "location": "Ashok Nagar, Chennai"
    },
    {
        "name": "CMC Medicals",
        "operatinghours": "Mon-Fri : 6:00 AM - 8:00 PM",
        "contact": "9988771122",
        "location": "K.K.Nagar, Chennai"
    },
    {
        "name": "Bhama Pharmacy",
        "operatinghours": "Mon-Fri : 6:00 AM - 8:00 PM",
        "contact": "1352467890",
        "location": "Valasaravakkam, Chennai"
    },
    {
        "name": "URS Medi",
        "operatinghours": "Mon-Sun : 11:00 AM - 8:00 PM",
        "contact": "3355778809",
        "location": "Porur, Chennai"
    },
    {
        "name": "Hospital Buddy",
        "operatinghours": "Mon-Sat : 10:00 AM - 6:00 PM",
        "contact": "9090898978",
        "location": "Ashok Nagar, Chennai"
    },
    {
        "name": "PNC Medicals",
        "operatinghours": "Mon-Fri : 6:00 AM - 8:00 PM",
        "contact": "2463578967",
        "location": "T.Nagar, Chennai"
    },
    {
        "name": "Ganga Pharmacy",
        "operatinghours": "Mon-Sun : 10:00 AM - 10:00 PM",
        "contact": "9887766554",
        "location": "Anna Nagar, Chennai"
    }
]